cluster,count,volatility,mean_return
0,145,0.08117352266757322,0.002843109193854836
1,351,0.043164908228874296,0.0009172481348607768
2,9,0.19009638073211022,0.009600836987360084
