K,inertia,silhouette_mean,calinski_harabasz,davies_bouldin
3,0.084138328903226,0.6269963032546445,931.5459575070429,0.5170019316463449
